len,k,p,num_of_chains,steps,delta_t,time,chain_e2e_avg_distance,msd
100,1000,100,100,500000,5e-05,5e-05,0.7002124583144752,100.65193457042571
100,1000,100,100,500000,5e-05,0.0001,0.7075507465468739,100.7015714028948
100,1000,100,100,500000,5e-05,0.00015000000000000001,0.7159249883392553,100.74627049822921
100,1000,100,100,500000,5e-05,0.0002,0.7226169716666885,100.78084900298757
100,1000,100,100,500000,5e-05,0.00025,0.7300200350906165,100.77178771393628
100,1000,100,100,500000,5e-05,0.00030000000000000003,0.7373024857619654,100.80781785290233
100,1000,100,100,500000,5e-05,0.00035,0.7438445670964869,100.83316238323421
100,1000,100,100,500000,5e-05,0.0004,0.7507450838167053,100.84846112273283
100,1000,100,100,500000,5e-05,0.00045000000000000004,0.758473208564268,100.84879707203869
100,1000,100,100,500000,5e-05,0.0005,0.764892158891118,100.86836735732678
100,1000,100,100,500000,5e-05,0.00055,0.7722979593388831,100.88247553979352
100,1000,100,100,500000,5e-05,0.0006000000000000001,0.7797452678546639,100.91140472106964
100,1000,100,100,500000,5e-05,0.0006500000000000001,0.7865715998772468,100.93177948192671
100,1000,100,100,500000,5e-05,0.0007,0.7929857492769649,100.94039711470025
100,1000,100,100,500000,5e-05,0.00075,0.798518882438267,100.93983829953751
100,1000,100,100,500000,5e-05,0.0008,0.8056167289048364,100.96228443265967
100,1000,100,100,500000,5e-05,0.0008500000000000001,0.8110836484588811,100.95714652026763
100,1000,100,100,500000,5e-05,0.0009000000000000001,0.818162218155026,100.95855416622072
100,1000,100,100,500000,5e-05,0.00095,0.8251609645260148,100.97533479834539
100,1000,100,100,500000,5e-05,0.001,0.8317045647053133,101.02886115854129
100,1000,100,100,500000,5e-05,0.0010500000000000002,0.8377663331886138,101.02588835246975
100,1000,100,100,500000,5e-05,0.0011,0.8441529854018005,101.02530712820193
100,1000,100,100,500000,5e-05,0.00115,0.8494407959332873,101.01170025789796
100,1000,100,100,500000,5e-05,0.0012000000000000001,0.856008903705162,101.03035599626381
100,1000,100,100,500000,5e-05,0.00125,0.8623174796642719,101.0130911991462
100,1000,100,100,500000,5e-05,0.0013000000000000002,0.8695617052136756,101.06594279554383
100,1000,100,100,500000,5e-05,0.00135,0.8764585169210485,101.08200893495868
100,1000,100,100,500000,5e-05,0.0014,0.8825802516336076,101.10394674177509
100,1000,100,100,500000,5e-05,0.0014500000000000001,0.8888924622240418,101.13093433560982
100,1000,100,100,500000,5e-05,0.0015,0.8955290203549149,101.12029113999792
100,1000,100,100,500000,5e-05,0.0015500000000000002,0.9012710179430088,101.13894237008849
100,1000,100,100,500000,5e-05,0.0016,0.909402993960915,101.15411736897263
100,1000,100,100,500000,5e-05,0.00165,0.9148360931596069,101.16255596613448
100,1000,100,100,500000,5e-05,0.0017000000000000001,0.9217575611708781,101.19543054385153
100,1000,100,100,500000,5e-05,0.00175,0.9295399528465959,101.22678363529913
100,1000,100,100,500000,5e-05,0.0018000000000000002,0.9355137568832811,101.23226059762996
100,1000,100,100,500000,5e-05,0.00185,0.940698864436538,101.24406735654519
100,1000,100,100,500000,5e-05,0.0019,0.9467431588000346,101.2433881792733
100,1000,100,100,500000,5e-05,0.0019500000000000001,0.9540560504021914,101.27340983282949
100,1000,100,100,500000,5e-05,0.002,0.9595653175723194,101.25334974227835
100,1000,100,100,500000,5e-05,0.00205,0.9667034395490746,101.24517488543584
100,1000,100,100,500000,5e-05,0.0021000000000000003,0.9750612351583963,101.24782176061044
100,1000,100,100,500000,5e-05,0.00215,0.981348562152806,101.26833238534846
100,1000,100,100,500000,5e-05,0.0022,0.9897046226465629,101.28251397289958
100,1000,100,100,500000,5e-05,0.0022500000000000003,0.9975130998058215,101.29756817594543
100,1000,100,100,500000,5e-05,0.0023,1.0035168022472492,101.30566824484275
100,1000,100,100,500000,5e-05,0.00235,1.0109314826447662,101.33389409971105
100,1000,100,100,500000,5e-05,0.0024000000000000002,1.0172789259932882,101.33519304749392
100,1000,100,100,500000,5e-05,0.00245,1.0247099068678613,101.35644449126039
100,1000,100,100,500000,5e-05,0.0025,1.03132414982149,101.38769023977044
100,1000,100,100,500000,5e-05,0.00255,1.0384685196540866,101.39481696993056
100,1000,100,100,500000,5e-05,0.0026000000000000003,1.0456262503129126,101.39851073646234
100,1000,100,100,500000,5e-05,0.00265,1.0540569637224781,101.41044461842317
100,1000,100,100,500000,5e-05,0.0027,1.0617225650439701,101.42180603336413
100,1000,100,100,500000,5e-05,0.0027500000000000003,1.068479198281486,101.45070534121442
100,1000,100,100,500000,5e-05,0.0028,1.0760607034799958,101.4874193384197
100,1000,100,100,500000,5e-05,0.00285,1.0838472216099544,101.52687507364367
100,1000,100,100,500000,5e-05,0.0029000000000000002,1.0908870097154413,101.51617967746856
100,1000,100,100,500000,5e-05,0.00295,1.0976136311761417,101.51323553081687
100,1000,100,100,500000,5e-05,0.003,1.105790017431526,101.52027288387109
100,1000,100,100,500000,5e-05,0.00305,1.1127229331572845,101.52803459230633
100,1000,100,100,500000,5e-05,0.0031000000000000003,1.1184830425565424,101.53318623293244
100,1000,100,100,500000,5e-05,0.00315,1.126994115705948,101.5551944124215
100,1000,100,100,500000,5e-05,0.0032,1.1345322338628898,101.59570792923016
100,1000,100,100,500000,5e-05,0.0032500000000000003,1.1415264320157543,101.60531456112793
100,1000,100,100,500000,5e-05,0.0033,1.1502528217371903,101.60933957549707
100,1000,100,100,500000,5e-05,0.00335,1.1564210847304885,101.60107722935773
100,1000,100,100,500000,5e-05,0.0034000000000000002,1.1627894019656038,101.61584394885175
100,1000,100,100,500000,5e-05,0.0034500000000000004,1.1698470221275836,101.65056396912716
100,1000,100,100,500000,5e-05,0.0035,1.177005099020094,101.65360075621646
100,1000,100,100,500000,5e-05,0.00355,1.1842440338006412,101.68514424102034
100,1000,100,100,500000,5e-05,0.0036000000000000003,1.1915939570111076,101.68600793833775
100,1000,100,100,500000,5e-05,0.00365,1.199213528087735,101.71955372117445
100,1000,100,100,500000,5e-05,0.0037,1.2069102455638123,101.72312361527995
100,1000,100,100,500000,5e-05,0.0037500000000000003,1.2144122081168338,101.75284808366514
100,1000,100,100,500000,5e-05,0.0038,1.219739394932067,101.77229515530553
100,1000,100,100,500000,5e-05,0.00385,1.2260877268874522,101.796592914712
100,1000,100,100,500000,5e-05,0.00395,1.2409059199177948,101.83752927156573
100,1000,100,100,500000,5e-05,0.004,1.246755142860027,101.86567297564038
100,1000,100,100,500000,5e-05,0.00405,1.254934253086619,101.87887979590958
100,1000,100,100,500000,5e-05,0.0041,1.26250418195845,101.89056400287565
100,1000,100,100,500000,5e-05,0.00415,1.2704510862503053,101.92710695573071
100,1000,100,100,500000,5e-05,0.004200000000000001,1.2758497328697003,101.93515135719639
100,1000,100,100,500000,5e-05,0.00425,1.2836213042849203,101.93377713247837
100,1000,100,100,500000,5e-05,0.0043,1.2906587761766628,101.94006137263557
100,1000,100,100,500000,5e-05,0.004350000000000001,1.2982822726367695,101.94464728127781
100,1000,100,100,500000,5e-05,0.0044,1.305234561508873,101.94512576474186
100,1000,100,100,500000,5e-05,0.0045000000000000005,1.3184370433769264,101.98522109936428
100,1000,100,100,500000,5e-05,0.00455,1.3250353618570887,101.98885714888053
100,1000,100,100,500000,5e-05,0.0046,1.3333696185112374,102.01709388617456
100,1000,100,100,500000,5e-05,0.0046500000000000005,1.3406443157417474,102.03070784104142
100,1000,100,100,500000,5e-05,0.0047,1.346113939176019,102.04437101838037
100,1000,100,100,500000,5e-05,0.0048000000000000004,1.3607947400377385,102.04114384519434
100,1000,100,100,500000,5e-05,0.00485,1.3686670766743712,102.03671403463245
100,1000,100,100,500000,5e-05,0.0049,1.3761400506934172,102.09862671136685
100,1000,100,100,500000,5e-05,0.005,1.3909385160215313,102.09170248835242
100,1000,100,100,500000,5e-05,0.005050000000000001,1.3987433971151866,102.15175752314437
100,1000,100,100,500000,5e-05,0.0051,1.4063617055947752,102.15645379875272
100,1000,100,100,500000,5e-05,0.005200000000000001,1.4205337100843654,102.18549996366585
100,1000,100,100,500000,5e-05,0.00525,1.428188804159556,102.19123579548271
100,1000,100,100,500000,5e-05,0.0053,1.435390597829902,102.21953546862973
100,1000,100,100,500000,5e-05,0.0054,1.448138596781017,102.21832036174226
100,1000,100,100,500000,5e-05,0.00545,1.4567484238556678,102.2534060079898
100,1000,100,100,500000,5e-05,0.00555,1.468780456672321,102.26217442654647
100,1000,100,100,500000,5e-05,0.0056,1.4761764917356575,102.28019082795032
100,1000,100,100,500000,5e-05,0.0057,1.4893812615111912,102.28641819013392
100,1000,100,100,500000,5e-05,0.00575,1.4971877123810458,102.28837042968574
100,1000,100,100,500000,5e-05,0.00585,1.5120014002950932,102.36470632970213
100,1000,100,100,500000,5e-05,0.0059,1.519940347298026,102.36697640262808
100,1000,100,100,500000,5e-05,0.006,1.535270357740649,102.42495927864073
100,1000,100,100,500000,5e-05,0.006050000000000001,1.542913197458084,102.46124026652129
100,1000,100,100,500000,5e-05,0.00615,1.5574801062855,102.49161696179596
100,1000,100,100,500000,5e-05,0.00625,1.5707186282403076,102.54618448353125
100,1000,100,100,500000,5e-05,0.0063,1.5789552019628903,102.55844001619103
100,1000,100,100,500000,5e-05,0.0064,1.5935142671773546,102.61057614840522
100,1000,100,100,500000,5e-05,0.006500000000000001,1.610254117892312,102.64862925262723
100,1000,100,100,500000,5e-05,0.00655,1.6168658602409622,102.62619622266857
100,1000,100,100,500000,5e-05,0.0066500000000000005,1.6316718125193537,102.68008129816354
100,1000,100,100,500000,5e-05,0.00675,1.6453508357358144,102.71742093630019
100,1000,100,100,500000,5e-05,0.00685,1.6598139137985817,102.78039600242015
100,1000,100,100,500000,5e-05,0.006900000000000001,1.667041739997799,102.78093413656578
100,1000,100,100,500000,5e-05,0.007,1.68116434683574,102.80931986268135
100,1000,100,100,500000,5e-05,0.0071,1.694542993069884,102.83311702190584
100,1000,100,100,500000,5e-05,0.007200000000000001,1.7101740381427097,102.89167306638214
100,1000,100,100,500000,5e-05,0.0073,1.7245521349904174,102.95229536624169
100,1000,100,100,500000,5e-05,0.0074,1.740550580165344,102.9664157531705
100,1000,100,100,500000,5e-05,0.007500000000000001,1.7548423672301763,103.0219993942284
100,1000,100,100,500000,5e-05,0.0076,1.7699313151772424,103.05148712855042
100,1000,100,100,500000,5e-05,0.0077,1.7839226804900505,103.06702056331218
100,1000,100,100,500000,5e-05,0.0078000000000000005,1.7961718267327822,103.13682189718877
100,1000,100,100,500000,5e-05,0.0079,1.8096162394147823,103.1762087087288
100,1000,100,100,500000,5e-05,0.008,1.8261412960646135,103.22405601728205
100,1000,100,100,500000,5e-05,0.0081,1.8387729926006815,103.22040243302776
100,1000,100,100,500000,5e-05,0.0082,1.8536098687610154,103.20711826259641
100,1000,100,100,500000,5e-05,0.0083,1.8698190428870478,103.23852530043712
100,1000,100,100,500000,5e-05,0.008450000000000001,1.8894769838391943,103.23453259854257
100,1000,100,100,500000,5e-05,0.00855,1.9059776416335479,103.29699708570624
100,1000,100,100,500000,5e-05,0.00865,1.9218344267472212,103.37485144072265
100,1000,100,100,500000,5e-05,0.00875,1.9342249690651612,103.40778839957633
100,1000,100,100,500000,5e-05,0.0089,1.954074090613142,103.46803550822075
100,1000,100,100,500000,5e-05,0.009000000000000001,1.967735859784208,103.50719741895327
100,1000,100,100,500000,5e-05,0.00915,1.9882132778617412,103.54686469188113
100,1000,100,100,500000,5e-05,0.009250000000000001,2.0033611014982724,103.58496074742985
100,1000,100,100,500000,5e-05,0.00935,2.017632142186116,103.62072827166945
100,1000,100,100,500000,5e-05,0.0095,2.0407656231977835,103.67898795872605
100,1000,100,100,500000,5e-05,0.009600000000000001,2.0552361208275385,103.69616788377336
100,1000,100,100,500000,5e-05,0.00975,2.070881535960468,103.73105907961171
100,1000,100,100,500000,5e-05,0.0099,2.0921615512840233,103.82269004875465
100,1000,100,100,500000,5e-05,0.01,2.1063876959233023,103.87713162734237
100,1000,100,100,500000,5e-05,0.010150000000000001,2.1291464263722903,103.91262725336337
100,1000,100,100,500000,5e-05,0.01025,2.1432085923849633,103.94563518746897
100,1000,100,100,500000,5e-05,0.010400000000000001,2.166370197923469,103.99515818166643
100,1000,100,100,500000,5e-05,0.01055,2.187050983810101,104.08310278986961
100,1000,100,100,500000,5e-05,0.010700000000000001,2.208198702006332,104.19198726936885
100,1000,100,100,500000,5e-05,0.01085,2.228514866318332,104.24096750297302
100,1000,100,100,500000,5e-05,0.01095,2.2431452189849184,104.28785810776937
100,1000,100,100,500000,5e-05,0.0111,2.2637723312029245,104.36917772224477
100,1000,100,100,500000,5e-05,0.011250000000000001,2.282760357723064,104.41586330337311
100,1000,100,100,500000,5e-05,0.0114,2.3026154783653148,104.474111311978
100,1000,100,100,500000,5e-05,0.011550000000000001,2.3225033467149765,104.54101699408136
100,1000,100,100,500000,5e-05,0.0117,2.3417352097325956,104.60386809320164
100,1000,100,100,500000,5e-05,0.011850000000000001,2.360837617613864,104.68499299713307
100,1000,100,100,500000,5e-05,0.01205,2.388660943254117,104.71732790424612
100,1000,100,100,500000,5e-05,0.0122,2.4074620171146943,104.84491161408161
100,1000,100,100,500000,5e-05,0.01235,2.4268322962385405,104.92098516248114
100,1000,100,100,500000,5e-05,0.0125,2.443730410699376,104.97010517050987
100,1000,100,100,500000,5e-05,0.012700000000000001,2.4695713196561444,105.11770691169983
100,1000,100,100,500000,5e-05,0.01285,2.490742540405879,105.16757969815484
100,1000,100,100,500000,5e-05,0.013000000000000001,2.5098141670903837,105.24311343747232
100,1000,100,100,500000,5e-05,0.0132,2.5370641631709194,105.34952136619228
100,1000,100,100,500000,5e-05,0.01335,2.5572763414977904,105.41112550780905
100,1000,100,100,500000,5e-05,0.013550000000000001,2.5799012589633956,105.4308047379485
100,1000,100,100,500000,5e-05,0.0137,2.599999453930269,105.50936492842123
100,1000,100,100,500000,5e-05,0.013900000000000001,2.6273555325748448,105.70704451289456
100,1000,100,100,500000,5e-05,0.014100000000000001,2.6519494300311175,105.81056150381066
100,1000,100,100,500000,5e-05,0.01425,2.6691152955341515,105.91871146587422
100,1000,100,100,500000,5e-05,0.014450000000000001,2.692766437555872,105.95587398411078
100,1000,100,100,500000,5e-05,0.014650000000000002,2.7199604392148946,105.9862131863521
100,1000,100,100,500000,5e-05,0.01485,2.745326859131517,106.10186210609338
100,1000,100,100,500000,5e-05,0.015050000000000001,2.770863539672235,106.26445959812614
100,1000,100,100,500000,5e-05,0.015250000000000001,2.7962697334749573,106.35119848489938
100,1000,100,100,500000,5e-05,0.01545,2.82123606134552,106.4653907615229
100,1000,100,100,500000,5e-05,0.01565,2.846306581408185,106.57533049661023
100,1000,100,100,500000,5e-05,0.01585,2.8698859695357437,106.67130362295138
100,1000,100,100,500000,5e-05,0.016050000000000002,2.8931848414151107,106.76057329000176
100,1000,100,100,500000,5e-05,0.016300000000000002,2.9216438326508656,106.91666694584832
100,1000,100,100,500000,5e-05,0.0165,2.9452535509818367,106.99325125922522
100,1000,100,100,500000,5e-05,0.0167,2.967169218337917,107.13320572741063
100,1000,100,100,500000,5e-05,0.01695,2.99366805263254,107.25902014223033
100,1000,100,100,500000,5e-05,0.017150000000000002,3.016284193158979,107.33707459811453
100,1000,100,100,500000,5e-05,0.017400000000000002,3.043389836953397,107.41913085011923
100,1000,100,100,500000,5e-05,0.0176,3.067104086082163,107.54910987643197
100,1000,100,100,500000,5e-05,0.01785,3.091863741352885,107.67671243231294
100,1000,100,100,500000,5e-05,0.0181,3.119949205455806,107.8013839692197
100,1000,100,100,500000,5e-05,0.0183,3.1430455045086614,107.92533975406486
100,1000,100,100,500000,5e-05,0.01855,3.172244734337796,108.07687118149008
100,1000,100,100,500000,5e-05,0.0188,3.195152859063114,108.24496185981019
100,1000,100,100,500000,5e-05,0.01905,3.2213794875595827,108.34249617951892
100,1000,100,100,500000,5e-05,0.0193,3.246197011703196,108.4859150113086
100,1000,100,100,500000,5e-05,0.01955,3.2716769041143974,108.62050542214497
100,1000,100,100,500000,5e-05,0.0198,3.297270194967403,108.68582069828265
100,1000,100,100,500000,5e-05,0.0201,3.327707585683625,108.85963725894244
100,1000,100,100,500000,5e-05,0.02035,3.3536008636774333,109.01854279110387
100,1000,100,100,500000,5e-05,0.0206,3.378974472552018,109.23030933494636
100,1000,100,100,500000,5e-05,0.020900000000000002,3.406852150897164,109.50209065118692
100,1000,100,100,500000,5e-05,0.021150000000000002,3.432672959530543,109.69359426076296
100,1000,100,100,500000,5e-05,0.02145,3.463191757027291,109.85808355439264
100,1000,100,100,500000,5e-05,0.021750000000000002,3.493366379469117,110.09713555432472
100,1000,100,100,500000,5e-05,0.022000000000000002,3.515745658505986,110.21096678945743
100,1000,100,100,500000,5e-05,0.0223,3.545450450243013,110.33818291093992
100,1000,100,100,500000,5e-05,0.022600000000000002,3.575500753639175,110.5716718132659
100,1000,100,100,500000,5e-05,0.0229,3.6015317261578224,110.75589227956878
100,1000,100,100,500000,5e-05,0.023200000000000002,3.6305666500232445,110.91727232070797
100,1000,100,100,500000,5e-05,0.0235,3.656624318016376,111.04930544110995
100,1000,100,100,500000,5e-05,0.0238,3.685489569375815,111.27321176674188
100,1000,100,100,500000,5e-05,0.02415,3.7195442788033897,111.47661663853197
100,1000,100,100,500000,5e-05,0.02445,3.7486640311630715,111.74755343355635
100,1000,100,100,500000,5e-05,0.024800000000000003,3.781582256042975,111.96710646172309
100,1000,100,100,500000,5e-05,0.0251,3.8104786157726207,112.10740512816552
100,1000,100,100,500000,5e-05,0.02545,3.8440828518463452,112.36110407364703
100,1000,100,100,500000,5e-05,0.0258,3.8743710725227505,112.52153032806734
100,1000,100,100,500000,5e-05,0.0261,3.9011638917518243,112.72634631497039
100,1000,100,100,500000,5e-05,0.02645,3.9312971081031627,112.90946997860766
100,1000,100,100,500000,5e-05,0.0268,3.961224508757172,113.16390897724163
100,1000,100,100,500000,5e-05,0.02715,3.993244056184985,113.47759792198693
100,1000,100,100,500000,5e-05,0.02755,4.029947606301042,113.83427730228875
100,1000,100,100,500000,5e-05,0.0279,4.059988127913493,114.00950626785172
100,1000,100,100,500000,5e-05,0.02825,4.0921383156357125,114.18626899852353
100,1000,100,100,500000,5e-05,0.028650000000000002,4.128042711810241,114.51714316689971
100,1000,100,100,500000,5e-05,0.029,4.159001814822254,114.72354442287926
100,1000,100,100,500000,5e-05,0.029400000000000003,4.19788984024576,114.98546919206832
100,1000,100,100,500000,5e-05,0.0298,4.233648054625439,115.27395299994465
100,1000,100,100,500000,5e-05,0.0302,4.267493386577666,115.5100687652188
100,1000,100,100,500000,5e-05,0.030600000000000002,4.296224647664506,115.76130155647802
100,1000,100,100,500000,5e-05,0.031,4.3299600799830396,115.99048301045423
100,1000,100,100,500000,5e-05,0.031400000000000004,4.359804775631874,116.19540288550247
100,1000,100,100,500000,5e-05,0.0318,4.390381443429732,116.4455862458378
100,1000,100,100,500000,5e-05,0.03225,4.428797027812852,116.78679323789396
100,1000,100,100,500000,5e-05,0.03265,4.459862063780828,116.97419407748252
100,1000,100,100,500000,5e-05,0.033100000000000004,4.497878487641784,117.2722535702133
100,1000,100,100,500000,5e-05,0.0335,4.530810111704381,117.614979340514
100,1000,100,100,500000,5e-05,0.03395,4.567077972664729,117.86739975695608
100,1000,100,100,500000,5e-05,0.0344,4.598559357496045,118.12895136875754
100,1000,100,100,500000,5e-05,0.03485,4.633925042431721,118.46715432257297
100,1000,100,100,500000,5e-05,0.03535,4.675292615370291,118.82492371637623
100,1000,100,100,500000,5e-05,0.0358,4.705509354388364,119.04294876078893
100,1000,100,100,500000,5e-05,0.036250000000000004,4.742598580760982,119.38042708071634
100,1000,100,100,500000,5e-05,0.036750000000000005,4.781327569335409,119.77150774952621
100,1000,100,100,500000,5e-05,0.03725,4.819406317545419,120.04636564920109
100,1000,100,100,500000,5e-05,0.03775,4.855957211482783,120.42299339317833
100,1000,100,100,500000,5e-05,0.03825,4.894517242292904,120.81580264532926
100,1000,100,100,500000,5e-05,0.03875,4.927706438886548,121.13012392698056
100,1000,100,100,500000,5e-05,0.03925,4.965341883096651,121.4488769191428
100,1000,100,100,500000,5e-05,0.03975,5.003706344851986,121.80489116121181
100,1000,100,100,500000,5e-05,0.0403,5.0437417818511525,122.27714739564188
100,1000,100,100,500000,5e-05,0.0408,5.0745913303482135,122.61686376378975
100,1000,100,100,500000,5e-05,0.041350000000000005,5.114156443197344,122.9347362200265
100,1000,100,100,500000,5e-05,0.0419,5.1550819613795404,123.43819582609889
100,1000,100,100,500000,5e-05,0.04245,5.196147071156488,123.88771032634371
100,1000,100,100,500000,5e-05,0.043000000000000003,5.232295566300255,124.18948161828634
100,1000,100,100,500000,5e-05,0.0436,5.273454229835299,124.78358214270006
100,1000,100,100,500000,5e-05,0.04415,5.315337617098261,125.18113171863405
100,1000,100,100,500000,5e-05,0.044750000000000005,5.355512451999087,125.62521728961443
100,1000,100,100,500000,5e-05,0.04535,5.394613509977718,125.94172985831078
100,1000,100,100,500000,5e-05,0.045950000000000005,5.43905995726257,126.32004210291947
100,1000,100,100,500000,5e-05,0.04655,5.479858663353969,126.78171183252678
100,1000,100,100,500000,5e-05,0.047150000000000004,5.519678807269559,127.13180359244556
100,1000,100,100,500000,5e-05,0.0478,5.563016819054519,127.48087766240043
100,1000,100,100,500000,5e-05,0.048400000000000006,5.602680679406704,127.91408688053725
100,1000,100,100,500000,5e-05,0.04905,5.642437428879988,128.34777649333333
100,1000,100,100,500000,5e-05,0.0497,5.68796335873006,128.88049004619523
100,1000,100,100,500000,5e-05,0.050350000000000006,5.730741047517507,129.41043177970315
100,1000,100,100,500000,5e-05,0.051050000000000005,5.778769282995228,129.97480435312002
100,1000,100,100,500000,5e-05,0.0517,5.81861750452685,130.51009802608186
100,1000,100,100,500000,5e-05,0.0524,5.862784321068926,131.00780920971803
100,1000,100,100,500000,5e-05,0.0531,5.904094425386438,131.57357656077542
100,1000,100,100,500000,5e-05,0.0538,5.947390448877985,132.0364566418381
100,1000,100,100,500000,5e-05,0.0545,5.989152505061457,132.4681262021828
100,1000,100,100,500000,5e-05,0.055200000000000006,6.03628787350103,132.88483056673473
100,1000,100,100,500000,5e-05,0.05595,6.081543544933075,133.3995097982569
100,1000,100,100,500000,5e-05,0.0567,6.124562135395105,133.97289365173333
100,1000,100,100,500000,5e-05,0.05745,6.172437736705582,134.64682891115393
100,1000,100,100,500000,5e-05,0.0582,6.216203953310538,135.22418112428045
100,1000,100,100,500000,5e-05,0.05895,6.261991553140035,135.7328828097993
100,1000,100,100,500000,5e-05,0.059750000000000004,6.310438794753634,136.27268689160255
100,1000,100,100,500000,5e-05,0.060500000000000005,6.348672249484705,136.73970331102095
100,1000,100,100,500000,5e-05,0.0613,6.392686187057436,137.40252366145353
100,1000,100,100,500000,5e-05,0.062150000000000004,6.444184147094551,138.07685823849263
100,1000,100,100,500000,5e-05,0.06295,6.493539566018622,138.66399659237413
100,1000,100,100,500000,5e-05,0.06380000000000001,6.545530874237253,139.4016049555001
100,1000,100,100,500000,5e-05,0.06465,6.596388703124841,139.96808664753723
100,1000,100,100,500000,5e-05,0.0655,6.649577350593959,140.71148289727103
100,1000,100,100,500000,5e-05,0.06635,6.698793160727406,141.4034050046472
100,1000,100,100,500000,5e-05,0.06725,6.746135678937879,142.07715474215325
100,1000,100,100,500000,5e-05,0.06810000000000001,6.795248380219225,142.65041682203068
100,1000,100,100,500000,5e-05,0.069,6.841962740418237,143.2166626333161
100,1000,100,100,500000,5e-05,0.06995,6.896844472812346,143.85801006405026
100,1000,100,100,500000,5e-05,0.07085000000000001,6.946898148394435,144.49119406167688
100,1000,100,100,500000,5e-05,0.0718,7.000684634733139,145.2316939323242
100,1000,100,100,500000,5e-05,0.07275000000000001,7.0560901709757,145.92470169637554
100,1000,100,100,500000,5e-05,0.0737,7.10514599752094,146.75111235552936
100,1000,100,100,500000,5e-05,0.07465000000000001,7.163774295806443,147.49295343993762
100,1000,100,100,500000,5e-05,0.07565000000000001,7.217577365138667,148.27274865631367
100,1000,100,100,500000,5e-05,0.07665000000000001,7.267800436865427,148.99638763904193
100,1000,100,100,500000,5e-05,0.07765,7.319731759316372,149.71276847029446
100,1000,100,100,500000,5e-05,0.0787,7.37786362846103,150.57833978856328
100,1000,100,100,500000,5e-05,0.07975,7.433393672899931,151.48129522814094
100,1000,100,100,500000,5e-05,0.08080000000000001,7.487499773306208,152.2769821825592
100,1000,100,100,500000,5e-05,0.08185,7.536729678311284,153.10831547177224
100,1000,100,100,500000,5e-05,0.08295000000000001,7.597853406096594,154.08852549525966
100,1000,100,100,500000,5e-05,0.08405,7.651420079273171,154.87955687394665
100,1000,100,100,500000,5e-05,0.08515,7.7044510154358665,155.6312126211645
100,1000,100,100,500000,5e-05,0.08625000000000001,7.761380519037779,156.46298934416788
100,1000,100,100,500000,5e-05,0.0874,7.813087599037143,157.18841453767232
100,1000,100,100,500000,5e-05,0.08855,7.8689687488879745,158.10121731059792
100,1000,100,100,500000,5e-05,0.08975000000000001,7.931226002580968,159.14344979856997
100,1000,100,100,500000,5e-05,0.09090000000000001,7.986328205181429,159.9343378569062
100,1000,100,100,500000,5e-05,0.0921,8.044259266360527,160.78807762802955
100,1000,100,100,500000,5e-05,0.09335,8.102458495768557,161.90135577084777
100,1000,100,100,500000,5e-05,0.09455000000000001,8.158011080797069,162.82102892304584
100,1000,100,100,500000,5e-05,0.09580000000000001,8.214010752708306,163.7443513382527
100,1000,100,100,500000,5e-05,0.0971,8.274351069913925,164.77396797146227
100,1000,100,100,500000,5e-05,0.09835,8.326569068322852,165.63850859491157
100,1000,100,100,500000,5e-05,0.09965,8.386740573176496,166.54754186695192
100,1000,100,100,500000,5e-05,0.101,8.447692471431237,167.39027271621538
100,1000,100,100,500000,5e-05,0.1023,8.500642954814309,168.2526987667387
100,1000,100,100,500000,5e-05,0.10365,8.565808925553005,169.1771992855182
100,1000,100,100,500000,5e-05,0.10505,8.627100920644384,170.34467577513104
100,1000,100,100,500000,5e-05,0.10645,8.686446602577861,171.26562654295248
100,1000,100,100,500000,5e-05,0.10785,8.744837922729111,172.3506778831219
100,1000,100,100,500000,5e-05,0.10925,8.810786013220504,173.55634131312968
100,1000,100,100,500000,5e-05,0.1107,8.869642859220516,174.65044279568255
100,1000,100,100,500000,5e-05,0.11215,8.93371188464367,175.74982549102845
100,1000,100,100,500000,5e-05,0.11365,8.997296059499723,176.7729720566971
100,1000,100,100,500000,5e-05,0.11515,9.059455139629643,177.9553989937753
100,1000,100,100,500000,5e-05,0.11665,9.123794611325364,179.01230880555352
100,1000,100,100,500000,5e-05,0.1182,9.193950965456242,180.2826613310942
100,1000,100,100,500000,5e-05,0.1198,9.26028295926529,181.38099907614273
100,1000,100,100,500000,5e-05,0.12135,9.3240646467764,182.49968261347206
100,1000,100,100,500000,5e-05,0.12295,9.385619384753726,183.615512357017
100,1000,100,100,500000,5e-05,0.1246,9.448013191920536,184.7118253307616
100,1000,100,100,500000,5e-05,0.12625,9.522123054729526,186.16425403935443
100,1000,100,100,500000,5e-05,0.1279,9.587385017410806,187.4319759112203
100,1000,100,100,500000,5e-05,0.1296,9.65384548332844,188.68873330011377
100,1000,100,100,500000,5e-05,0.1313,9.722386032372007,190.07503830746137
100,1000,100,100,500000,5e-05,0.13305,9.793291930513439,191.3489117483598
100,1000,100,100,500000,5e-05,0.1348,9.865680775080074,192.83494419817288
100,1000,100,100,500000,5e-05,0.13655,9.931262287306156,194.15894122384725
100,1000,100,100,500000,5e-05,0.1384,10.006120631980323,195.49285923646585
100,1000,100,100,500000,5e-05,0.14020000000000002,10.078516204783337,196.8297766666901
100,1000,100,100,500000,5e-05,0.14205,10.149374766322133,198.11454439868692
100,1000,100,100,500000,5e-05,0.14395,10.215994801092238,199.45044568555943
100,1000,100,100,500000,5e-05,0.14585,10.293814672501533,201.08264279508734
100,1000,100,100,500000,5e-05,0.14775000000000002,10.365042848030056,202.64908144812466
100,1000,100,100,500000,5e-05,0.1497,10.435921559214494,204.01258875873188
100,1000,100,100,500000,5e-05,0.1517,10.51650799430714,205.62419172931632
100,1000,100,100,500000,5e-05,0.1537,10.584800922151958,206.85982208195495
100,1000,100,100,500000,5e-05,0.15575,10.656695379446163,208.41563034479375
100,1000,100,100,500000,5e-05,0.1578,10.733345853813473,210.0755083546743
100,1000,100,100,500000,5e-05,0.15985000000000002,10.8058360695087,211.44937384651254
100,1000,100,100,500000,5e-05,0.162,10.881851105918486,213.03964371443507
100,1000,100,100,500000,5e-05,0.1641,10.957573256645132,214.6430217539524
100,1000,100,100,500000,5e-05,0.1663,11.036920532891378,216.366729615116
100,1000,100,100,500000,5e-05,0.1685,11.108812289970547,217.97067619590723
100,1000,100,100,500000,5e-05,0.17070000000000002,11.18383394834691,219.66832473785732
100,1000,100,100,500000,5e-05,0.17295000000000002,11.258497506915063,221.19672188084616
100,1000,100,100,500000,5e-05,0.17525000000000002,11.348445075794107,223.30218912380457
100,1000,100,100,500000,5e-05,0.17755,11.424046306054828,225.00210800660327
100,1000,100,100,500000,5e-05,0.1799,11.500227642027872,226.82475179040543
100,1000,100,100,500000,5e-05,0.18230000000000002,11.589476025833415,228.8007738339228
100,1000,100,100,500000,5e-05,0.1847,11.66998547862705,230.6285720156224
100,1000,100,100,500000,5e-05,0.18715,11.74186303488613,232.21047931911497
100,1000,100,100,500000,5e-05,0.18960000000000002,11.826858083508364,234.10884174145397
100,1000,100,100,500000,5e-05,0.19210000000000002,11.909122872615399,235.96292190355484
100,1000,100,100,500000,5e-05,0.19465000000000002,11.996428120753132,238.03753908448627
100,1000,100,100,500000,5e-05,0.19725,12.079854282603234,240.12449056713078
100,1000,100,100,500000,5e-05,0.19985,12.166441199607291,242.17948032864143
100,1000,100,100,500000,5e-05,0.20245000000000002,12.252440425160943,244.293586454089
100,1000,100,100,500000,5e-05,0.20515,12.338974314807594,246.34908260889605
100,1000,100,100,500000,5e-05,0.20785,12.429158663953606,248.65737792867435
100,1000,100,100,500000,5e-05,0.2106,12.513808721708012,250.81456502582571
100,1000,100,100,500000,5e-05,0.2134,12.604221337970305,252.98120323583592
100,1000,100,100,500000,5e-05,0.2162,12.69917970478256,255.21731900493938
100,1000,100,100,500000,5e-05,0.21905000000000002,12.775656669272845,257.06815452197674
100,1000,100,100,500000,5e-05,0.22195,12.856328254769643,259.1840591402223
100,1000,100,100,500000,5e-05,0.22490000000000002,12.949483626206094,261.50517752223334
100,1000,100,100,500000,5e-05,0.22785000000000002,13.038350612657021,263.6649232811383
100,1000,100,100,500000,5e-05,0.23085,13.133792901690718,266.17284354770413
100,1000,100,100,500000,5e-05,0.23390000000000002,13.222883651942933,268.4645012637061
100,1000,100,100,500000,5e-05,0.23700000000000002,13.306990670495136,270.5099444415345
100,1000,100,100,500000,5e-05,0.24015,13.407599109348556,273.3894832439722
100,1000,100,100,500000,5e-05,0.24330000000000002,13.501141377950786,275.83186891852404
100,1000,100,100,500000,5e-05,0.24650000000000002,13.592063858724615,278.3338601383876
100,1000,100,100,500000,5e-05,0.24980000000000002,13.681926832153296,280.7624707017016
100,1000,100,100,500000,5e-05,0.2531,13.78091281748397,283.7181881553007
100,1000,100,100,500000,5e-05,0.2564,13.880572924981596,286.32565828345105
100,1000,100,100,500000,5e-05,0.25980000000000003,13.974421567626324,289.05197869046935
100,1000,100,100,500000,5e-05,0.26325000000000004,14.067779166704502,291.59973734340537
100,1000,100,100,500000,5e-05,0.2667,14.165318493108487,294.14598830405185
100,1000,100,100,500000,5e-05,0.27025,14.261617569268811,296.89324774416116
100,1000,100,100,500000,5e-05,0.2738,14.358713056788424,299.6080548357695
100,1000,100,100,500000,5e-05,0.27745000000000003,14.465411109574037,302.6107940783458
100,1000,100,100,500000,5e-05,0.2811,14.562144076378935,305.2058001329288
100,1000,100,100,500000,5e-05,0.2848,14.660366595429121,308.03527537037536
100,1000,100,100,500000,5e-05,0.28855000000000003,14.770966413633484,311.2043424594535
100,1000,100,100,500000,5e-05,0.2924,14.872192816532221,314.29964484719113
100,1000,100,100,500000,5e-05,0.29625,14.98347379043511,317.41894201397776
100,1000,100,100,500000,5e-05,0.30015000000000003,15.089895047997876,320.62468767469596
100,1000,100,100,500000,5e-05,0.30410000000000004,15.187220289310543,323.4732629020912
100,1000,100,100,500000,5e-05,0.30815000000000003,15.29364931267353,326.6597839226681
100,1000,100,100,500000,5e-05,0.31220000000000003,15.392665228890227,329.7159211760977
100,1000,100,100,500000,5e-05,0.31635,15.50067791668685,332.96225009920386
100,1000,100,100,500000,5e-05,0.3205,15.60609011268036,336.24861721284304
100,1000,100,100,500000,5e-05,0.32475000000000004,15.715626583172018,339.4950067608744
100,1000,100,100,500000,5e-05,0.32905,15.821627037206623,342.9498604878709
100,1000,100,100,500000,5e-05,0.33340000000000003,15.930810067066318,346.3590937243161
100,1000,100,100,500000,5e-05,0.3378,16.040458857601973,349.84674927169345
100,1000,100,100,500000,5e-05,0.34225,16.153448225093392,353.49289350539334
100,1000,100,100,500000,5e-05,0.34675,16.26244911757467,356.70349976481526
100,1000,100,100,500000,5e-05,0.35135,16.36690736221259,360.24890954726465
100,1000,100,100,500000,5e-05,0.35600000000000004,16.485275579330892,364.1254595234648
100,1000,100,100,500000,5e-05,0.3607,16.596805433705384,367.7317382976102
100,1000,100,100,500000,5e-05,0.36545,16.71058973237368,371.5277933786659
100,1000,100,100,500000,5e-05,0.3703,16.8298703791267,375.33583309044917
100,1000,100,100,500000,5e-05,0.37520000000000003,16.946011631808194,379.1871803943512
100,1000,100,100,500000,5e-05,0.38015000000000004,17.057465886628243,382.94290059085756
100,1000,100,100,500000,5e-05,0.38515,17.171304747263246,386.964677266366
100,1000,100,100,500000,5e-05,0.39025000000000004,17.290259666274483,390.7107371158615
100,1000,100,100,500000,5e-05,0.39540000000000003,17.414503778562974,395.274465567728
100,1000,100,100,500000,5e-05,0.4006,17.53724896036789,399.50554018659335
100,1000,100,100,500000,5e-05,0.40590000000000004,17.663435488102877,403.7777109276427
100,1000,100,100,500000,5e-05,0.4113,17.77779754467437,407.75726752193555
100,1000,100,100,500000,5e-05,0.4167,17.90831912791164,412.21976332630584
100,1000,100,100,500000,5e-05,0.4222,18.025187983461432,416.509958538092
100,1000,100,100,500000,5e-05,0.4278,18.153320733513166,421.14375158085693
100,1000,100,100,500000,5e-05,0.43345,18.272806763396442,425.4924638561245
100,1000,100,100,500000,5e-05,0.43915000000000004,18.391229463641967,429.6151137985487
100,1000,100,100,500000,5e-05,0.44495,18.523546749208407,434.279691010024
100,1000,100,100,500000,5e-05,0.45085000000000003,18.653254710896217,439.0053154304436
100,1000,100,100,500000,5e-05,0.45680000000000004,18.78259056028884,443.7346661313867
100,1000,100,100,500000,5e-05,0.46285000000000004,18.90983195771198,448.60054546518427
100,1000,100,100,500000,5e-05,0.46895000000000003,19.050844124926794,453.7599523645482
100,1000,100,100,500000,5e-05,0.47515,19.17854852976871,458.83754909076373
100,1000,100,100,500000,5e-05,0.48140000000000005,19.312060516552545,463.9108676857293
100,1000,100,100,500000,5e-05,0.4878,19.447050136756292,468.9284189377777
100,1000,100,100,500000,5e-05,0.49425,19.57144740281063,473.7868160298372
100,1000,100,100,500000,5e-05,0.50075,19.713390090734688,479.34726543067706
100,1000,100,100,500000,5e-05,0.5073500000000001,19.842850628810034,484.46079031865156
100,1000,100,100,500000,5e-05,0.51405,19.978370386777232,489.727608846304
100,1000,100,100,500000,5e-05,0.52085,20.12655516037987,495.8300060545628
100,1000,100,100,500000,5e-05,0.52775,20.25069723256279,500.52982469150743
100,1000,100,100,500000,5e-05,0.5347000000000001,20.387723555316004,505.9949283688339
100,1000,100,100,500000,5e-05,0.5418000000000001,20.530335173585495,511.7425264336305
100,1000,100,100,500000,5e-05,0.54895,20.6714414942553,517.2064383634612
100,1000,100,100,500000,5e-05,0.5562,20.808639304672525,522.8314334841094
100,1000,100,100,500000,5e-05,0.56355,20.941881738758237,528.0930687868174
100,1000,100,100,500000,5e-05,0.5710000000000001,21.078786958121327,533.5579170825496
100,1000,100,100,500000,5e-05,0.5785,21.22513048067149,539.724878352645
100,1000,100,100,500000,5e-05,0.5861500000000001,21.372615123796344,546.0058610890359
100,1000,100,100,500000,5e-05,0.5939,21.514639711055956,552.0188456738796
100,1000,100,100,500000,5e-05,0.60175,21.655700245976348,558.0842328156067
100,1000,100,100,500000,5e-05,0.6097,21.800035352112587,564.2555221080306
100,1000,100,100,500000,5e-05,0.61775,21.962026990877423,571.2109879376418
100,1000,100,100,500000,5e-05,0.6259,22.104764127096264,577.5472068032058
100,1000,100,100,500000,5e-05,0.6342,22.24785900665781,583.7500766998642
100,1000,100,100,500000,5e-05,0.6425500000000001,22.40104007886658,590.1964415838798
100,1000,100,100,500000,5e-05,0.65105,22.549216785801406,596.9936493359884
100,1000,100,100,500000,5e-05,0.6596500000000001,22.707666150174777,604.2526668036822
100,1000,100,100,500000,5e-05,0.66835,22.866825459962875,611.0977535265877
100,1000,100,100,500000,5e-05,0.6772,23.01898591791044,617.860472098851
100,1000,100,100,500000,5e-05,0.68615,23.183258947143642,625.4564990856255
100,1000,100,100,500000,5e-05,0.6952,23.345907067315707,632.9959924864168
100,1000,100,100,500000,5e-05,0.7044,23.50201915707242,640.1391854405862
100,1000,100,100,500000,5e-05,0.7137,23.670873731105768,648.0590416176233
100,1000,100,100,500000,5e-05,0.7231000000000001,23.84179533389174,656.3330872851749
100,1000,100,100,500000,5e-05,0.73265,24.001832456473913,663.8643329983714
100,1000,100,100,500000,5e-05,0.7423500000000001,24.165111141090797,671.421517755522
100,1000,100,100,500000,5e-05,0.75215,24.33362879963718,679.9043459279129
100,1000,100,100,500000,5e-05,0.7621,24.498862249629575,688.0882535329306
100,1000,100,100,500000,5e-05,0.77215,24.663825583240325,695.9211129803532
100,1000,100,100,500000,5e-05,0.78235,24.83293492725363,703.9614803693612
100,1000,100,100,500000,5e-05,0.7927000000000001,25.00018863258555,712.2765570285985
100,1000,100,100,500000,5e-05,0.80315,25.173642316992918,721.1655242391571
100,1000,100,100,500000,5e-05,0.8137500000000001,25.336052999799186,729.1386278622651
100,1000,100,100,500000,5e-05,0.8245,25.51025266686383,737.6123767745205
100,1000,100,100,500000,5e-05,0.8354,25.681299897929666,746.2796760773481
100,1000,100,100,500000,5e-05,0.84645,25.862914792669077,755.3766482790967
100,1000,100,100,500000,5e-05,0.8576,26.039815743102906,764.4771595248529
100,1000,100,100,500000,5e-05,0.86895,26.217727461346882,773.8335983620485
100,1000,100,100,500000,5e-05,0.8804000000000001,26.39412819227268,782.9186357064368
100,1000,100,100,500000,5e-05,0.89205,26.580130675261568,792.6803562568738
100,1000,100,100,500000,5e-05,0.90385,26.758321711256976,802.31278071656
100,1000,100,100,500000,5e-05,0.9157500000000001,26.928241210692036,811.2535771295312
100,1000,100,100,500000,5e-05,0.9278500000000001,27.118823408403923,821.1395475128543
100,1000,100,100,500000,5e-05,0.94015,27.307383888316803,831.6111328234495
100,1000,100,100,500000,5e-05,0.95255,27.486675383475294,841.0353014108819
100,1000,100,100,500000,5e-05,0.9651500000000001,27.675371137133638,851.4789461745862
100,1000,100,100,500000,5e-05,0.97785,27.86785697696844,862.3132435433167
100,1000,100,100,500000,5e-05,0.9908,28.052206303940046,872.4952572020503
100,1000,100,100,500000,5e-05,1.0039,28.244121401081177,883.0483120830141
100,1000,100,100,500000,5e-05,1.01715,28.4425557597913,894.3787325020238
100,1000,100,100,500000,5e-05,1.0306,28.638444180516988,905.4182426060272
100,1000,100,100,500000,5e-05,1.0442,28.82356184169485,915.804373358654
100,1000,100,100,500000,5e-05,1.058,29.016889446264134,926.8553853678551
100,1000,100,100,500000,5e-05,1.07195,29.210276521598978,938.2915143808837
100,1000,100,100,500000,5e-05,1.0861,29.41710517796615,950.3428886051959
100,1000,100,100,500000,5e-05,1.1004500000000002,29.616806406935723,962.2222122053754
100,1000,100,100,500000,5e-05,1.115,29.809103104296696,973.6218125342743
100,1000,100,100,500000,5e-05,1.12975,30.00641872098857,985.2246299862663
100,1000,100,100,500000,5e-05,1.14465,30.215924106134196,997.9273568387831
100,1000,100,100,500000,5e-05,1.15975,30.413172588705418,1009.7802473421191
100,1000,100,100,500000,5e-05,1.1751,30.627561891513444,1022.2629085139303
100,1000,100,100,500000,5e-05,1.1906,30.846173667129708,1035.996667908542
100,1000,100,100,500000,5e-05,1.20635,31.044424775019234,1048.3123260310051
100,1000,100,100,500000,5e-05,1.22225,31.252486649310683,1060.9679877218282
100,1000,100,100,500000,5e-05,1.2384000000000002,31.466927894475347,1073.8410355243684
100,1000,100,100,500000,5e-05,1.2548000000000001,31.6890027752109,1087.855130165187
100,1000,100,100,500000,5e-05,1.27135,31.9165599351851,1102.309457249675
100,1000,100,100,500000,5e-05,1.2881500000000001,32.13001707812547,1115.7861332497716
100,1000,100,100,500000,5e-05,1.30515,32.35393804082014,1130.1349210590754
100,1000,100,100,500000,5e-05,1.3224,32.57369846960209,1144.4663776521365
100,1000,100,100,500000,5e-05,1.33985,32.794296878414514,1159.0024253654278
100,1000,100,100,500000,5e-05,1.35755,33.00937952777712,1173.0115210539025
100,1000,100,100,500000,5e-05,1.3755000000000002,33.22933230283077,1187.530674038493
100,1000,100,100,500000,5e-05,1.39365,33.46194409626106,1202.402187504105
100,1000,100,100,500000,5e-05,1.4121000000000001,33.67927439928684,1216.98200701094
100,1000,100,100,500000,5e-05,1.43075,33.89571147839858,1231.6356681787938
100,1000,100,100,500000,5e-05,1.44965,34.12828870090584,1247.1436319491108
100,1000,100,100,500000,5e-05,1.46875,34.35604506337637,1263.127879202731
100,1000,100,100,500000,5e-05,1.4882,34.58282002785812,1278.2883212027357
100,1000,100,100,500000,5e-05,1.5078500000000001,34.80906258133613,1293.976055786964
100,1000,100,100,500000,5e-05,1.5277500000000002,35.03410648229938,1309.5022555756047
100,1000,100,100,500000,5e-05,1.5479500000000002,35.26964953272901,1326.0548009025465
100,1000,100,100,500000,5e-05,1.5684,35.50606415792122,1342.4834922276941
100,1000,100,100,500000,5e-05,1.5891000000000002,35.75531759591244,1359.93157220074
100,1000,100,100,500000,5e-05,1.6101,35.99039297443911,1376.5711578076398
100,1000,100,100,500000,5e-05,1.63135,36.21302060915457,1392.232948389827
100,1000,100,100,500000,5e-05,1.6529,36.45919709963742,1410.0336144077
100,1000,100,100,500000,5e-05,1.6747500000000002,36.69579443575808,1427.4573387177122
100,1000,100,100,500000,5e-05,1.6968500000000002,36.93904166154086,1445.0118849505493
100,1000,100,100,500000,5e-05,1.7192500000000002,37.18158298429637,1462.6226082000076
100,1000,100,100,500000,5e-05,1.742,37.4280540880151,1481.1941656693948
100,1000,100,100,500000,5e-05,1.7650000000000001,37.6798908815207,1499.3965774099133
100,1000,100,100,500000,5e-05,1.7883,37.92325692675386,1517.947099523764
100,1000,100,100,500000,5e-05,1.8119,38.17685506602021,1537.0650991940054
100,1000,100,100,500000,5e-05,1.83585,38.43899828707602,1557.0382376015853
100,1000,100,100,500000,5e-05,1.8601,38.701607531575206,1577.0691739539006
100,1000,100,100,500000,5e-05,1.8847,38.94630101803541,1596.0003790549092
100,1000,100,100,500000,5e-05,1.90955,39.20662437279087,1616.175829555069
100,1000,100,100,500000,5e-05,1.9348,39.484704326474045,1638.0305043092676
100,1000,100,100,500000,5e-05,1.96035,39.74179888450148,1658.4884829418559
100,1000,100,100,500000,5e-05,1.98625,40.0075120150409,1679.4420814648684
100,1000,100,100,500000,5e-05,2.0125,40.26972856550562,1700.5263226572895
100,1000,100,100,500000,5e-05,2.03905,40.53540407309173,1721.2449645768775
100,1000,100,100,500000,5e-05,2.0660000000000003,40.80898751660364,1743.2474558685542
100,1000,100,100,500000,5e-05,2.0933,41.09377962691538,1766.5959232482785
100,1000,100,100,500000,5e-05,2.12095,41.35286995042878,1787.415881060945
100,1000,100,100,500000,5e-05,2.14895,41.62254863152651,1809.9041209899456
100,1000,100,100,500000,5e-05,2.17735,41.911134652636775,1833.7894876946987
100,1000,100,100,500000,5e-05,2.2061,42.19105996410338,1857.1511478281711
100,1000,100,100,500000,5e-05,2.23525,42.47243553870103,1880.7456137477284
100,1000,100,100,500000,5e-05,2.2647500000000003,42.75087500694502,1904.3187609349889
100,1000,100,100,500000,5e-05,2.2947,43.05207864921527,1930.1310877575338
100,1000,100,100,500000,5e-05,2.325,43.346368446898204,1955.4864341220812
100,1000,100,100,500000,5e-05,2.3557,43.62336536151752,1979.4338815957483
100,1000,100,100,500000,5e-05,2.3868,43.90831324483901,2004.0543974851212
100,1000,100,100,500000,5e-05,2.41835,44.19604882791277,2029.4628970085282
100,1000,100,100,500000,5e-05,2.4503,44.49005056198751,2055.0047882421513
100,1000,100,100,500000,5e-05,2.48265,44.80043929842049,2082.530461836572
100,1000,100,100,500000,5e-05,2.51545,45.09756530633444,2108.8783163979624
100,1000,100,100,500000,5e-05,2.5487,45.39641857306467,2135.642222510429
100,1000,100,100,500000,5e-05,2.58235,45.68094501633874,2161.1977769955333
100,1000,100,100,500000,5e-05,2.61645,46.00025922525002,2190.6996443162566
100,1000,100,100,500000,5e-05,2.6510000000000002,46.325551680552415,2220.349405307994
100,1000,100,100,500000,5e-05,2.6860500000000003,46.64101927708285,2249.87030346163
100,1000,100,100,500000,5e-05,2.7215000000000003,46.95310096568956,2278.7595178316124
100,1000,100,100,500000,5e-05,2.75745,47.267604432188335,2308.15313145286
100,1000,100,100,500000,5e-05,2.7939000000000003,47.57981800002524,2337.6209843848414
100,1000,100,100,500000,5e-05,2.8308,47.89997350535957,2367.9335928012547
100,1000,100,100,500000,5e-05,2.8682000000000003,48.218230617648,2398.5202016175217
100,1000,100,100,500000,5e-05,2.90605,48.54239019110545,2429.25760642344
100,1000,100,100,500000,5e-05,2.9444500000000002,48.874157537816785,2461.463540009473
100,1000,100,100,500000,5e-05,2.98335,49.19315204910927,2492.681997647856
100,1000,100,100,500000,5e-05,3.0227500000000003,49.52794713413366,2525.216945966572
100,1000,100,100,500000,5e-05,3.0627,49.873162352825034,2559.564858512157
100,1000,100,100,500000,5e-05,3.1031500000000003,50.202140215421224,2592.269920717339
100,1000,100,100,500000,5e-05,3.1441000000000003,50.54051235175014,2627.0669709921312
100,1000,100,100,500000,5e-05,3.1856500000000003,50.87624545695423,2660.665436214846
100,1000,100,100,500000,5e-05,3.2277500000000003,51.20225684695396,2694.40444210329
100,1000,100,100,500000,5e-05,3.27035,51.53947608996549,2728.64184182583
100,1000,100,100,500000,5e-05,3.31355,51.89575673801587,2765.1980942231285
100,1000,100,100,500000,5e-05,3.3573500000000003,52.24265734802095,2800.7835641514625
100,1000,100,100,500000,5e-05,3.4017,52.58525353529071,2836.1757700107714
100,1000,100,100,500000,5e-05,3.4466,52.926289844743124,2872.0818122537626
100,1000,100,100,500000,5e-05,3.49215,53.25468142068553,2906.882441702586
100,1000,100,100,500000,5e-05,3.53825,53.63519924103933,2947.1813885794454
100,1000,100,100,500000,5e-05,3.585,54.00153575935089,2985.919316874752
100,1000,100,100,500000,5e-05,3.63235,54.37115827639481,3025.9415745264428
100,1000,100,100,500000,5e-05,3.6803500000000002,54.72178439392654,3063.942984934842
100,1000,100,100,500000,5e-05,3.72895,55.100792563309696,3105.7674211619365
100,1000,100,100,500000,5e-05,3.7782,55.46244374985711,3145.6147913933346
100,1000,100,100,500000,5e-05,3.8281,55.84042886141076,3187.3931825942745
100,1000,100,100,500000,5e-05,3.8787000000000003,56.20661313579441,3228.2958468319166
100,1000,100,100,500000,5e-05,3.9299000000000004,56.573068143152206,3269.030377087183
100,1000,100,100,500000,5e-05,3.9818000000000002,56.96799245442943,3314.151777886137
100,1000,100,100,500000,5e-05,4.0344,57.343362959434515,3356.8407842090046
100,1000,100,100,500000,5e-05,4.0877,57.71897616112839,3400.0037083820202
100,1000,100,100,500000,5e-05,4.1417,58.1116985432481,3445.313753178896
100,1000,100,100,500000,5e-05,4.196400000000001,58.4868581663655,3488.982831098938
100,1000,100,100,500000,5e-05,4.25185,58.88758635110047,3535.530535603562
100,1000,100,100,500000,5e-05,4.308,59.27686822767188,3581.1527719355736
100,1000,100,100,500000,5e-05,4.3649000000000004,59.6782139971457,3628.7301531878275
100,1000,100,100,500000,5e-05,4.42255,60.05869160021512,3674.249339052557
100,1000,100,100,500000,5e-05,4.48095,60.463685528457546,3722.513239100292
100,1000,100,100,500000,5e-05,4.540150000000001,60.86314836511752,3771.3962332043284
100,1000,100,100,500000,5e-05,4.60015,61.28417629632949,3822.7433111233536
100,1000,100,100,500000,5e-05,4.6609,61.69232457769294,3872.5716795193707
100,1000,100,100,500000,5e-05,4.72245,62.12404911157886,3925.783796107881
100,1000,100,100,500000,5e-05,4.7848500000000005,62.525199697722016,3975.1264305883415
100,1000,100,100,500000,5e-05,4.848050000000001,62.95631261715884,4028.89795002361
100,1000,100,100,500000,5e-05,4.912100000000001,63.37232834198006,4081.1746076426234
100,1000,100,100,500000,5e-05,4.97695,63.802094247917694,4135.424826546368
100,1000,100,100,500000,5e-05,5.0427,64.21935181960562,4188.480500857711
100,1000,100,100,500000,5e-05,5.1093,64.66808460462515,4245.93478564629
100,1000,100,100,500000,5e-05,5.1768,65.08634664029051,4300.031600522026
100,1000,100,100,500000,5e-05,5.2452000000000005,65.52275644519507,4356.60831410134
100,1000,100,100,500000,5e-05,5.31445,65.96231829729395,4414.140115541085
100,1000,100,100,500000,5e-05,5.384650000000001,66.40071982065696,4472.230620592754
100,1000,100,100,500000,5e-05,5.4558,66.84598966524715,4531.606252106016
100,1000,100,100,500000,5e-05,5.52785,67.2988126328367,4591.780984843289
100,1000,100,100,500000,5e-05,5.60085,67.74128751516977,4651.2672338778975
100,1000,100,100,500000,5e-05,5.67485,68.20052411975301,4713.257227184128
100,1000,100,100,500000,5e-05,5.7498000000000005,68.66227496130807,4775.877542221336
100,1000,100,100,500000,5e-05,5.82575,69.09407227080555,4835.36430401672
100,1000,100,100,500000,5e-05,5.9027,69.57111885359055,4901.16162227158
100,1000,100,100,500000,5e-05,5.980700000000001,70.03877195632397,4965.916202288088
100,1000,100,100,500000,5e-05,6.0597,70.49051991317695,5029.396001934246
100,1000,100,100,500000,5e-05,6.1397,70.96672108899764,5096.42655859455
100,1000,100,100,500000,5e-05,6.2208000000000006,71.43335663450644,5162.920369140452
100,1000,100,100,500000,5e-05,6.303,71.90786976992568,5230.243283591111
100,1000,100,100,500000,5e-05,6.38625,72.4100114992742,5302.664426256934
100,1000,100,100,500000,5e-05,6.4706,72.89125154742388,5371.998423000503
100,1000,100,100,500000,5e-05,6.55605,73.37702609644445,5443.1058406705215
100,1000,100,100,500000,5e-05,6.642650000000001,73.8848353123623,5517.268997187478
100,1000,100,100,500000,5e-05,6.7304,74.38593237862987,5591.504960922957
100,1000,100,100,500000,5e-05,6.8193,74.87125216680941,5664.442215242939
100,1000,100,100,500000,5e-05,6.909400000000001,75.37092635397663,5739.309366061553
100,1000,100,100,500000,5e-05,7.00065,75.8696221184672,5814.239125304628
100,1000,100,100,500000,5e-05,7.093100000000001,76.3648219268799,5889.541357104034
100,1000,100,100,500000,5e-05,7.186800000000001,76.85803938169245,5964.909404727885
100,1000,100,100,500000,5e-05,7.281750000000001,77.38158982282452,6044.99844478476
100,1000,100,100,500000,5e-05,7.37795,77.90787933496735,6126.41700791286
100,1000,100,100,500000,5e-05,7.4754000000000005,78.43763935809686,6208.970182277708
100,1000,100,100,500000,5e-05,7.5741000000000005,78.93686502492679,6287.222345217074
100,1000,100,100,500000,5e-05,7.67415,79.45781620558631,6369.524501462383
100,1000,100,100,500000,5e-05,7.77555,79.99484102904283,6454.886843861111
100,1000,100,100,500000,5e-05,7.87825,80.5261014805898,6539.6928285055355
100,1000,100,100,500000,5e-05,7.9823,81.051050529677,6624.116364991312
100,1000,100,100,500000,5e-05,8.08775,81.57634458019771,6709.106268045127
100,1000,100,100,500000,5e-05,8.19455,82.14194164931972,6801.604212638295
100,1000,100,100,500000,5e-05,8.3028,82.68768474450818,6890.863330137023
100,1000,100,100,500000,5e-05,8.4125,83.21905003935184,6978.67637555295
100,1000,100,100,500000,5e-05,8.5236,83.78387423416451,7073.066523862208
100,1000,100,100,500000,5e-05,8.6362,84.33246661834059,7165.425329228835
100,1000,100,100,500000,5e-05,8.750250000000001,84.88007808666728,7257.858232376279
100,1000,100,100,500000,5e-05,8.86585,85.44963825656271,7355.003150692893
100,1000,100,100,500000,5e-05,8.98295,86.02800874624894,7453.428258071053
100,1000,100,100,500000,5e-05,9.101600000000001,86.59941000513317,7551.9039536935325
100,1000,100,100,500000,5e-05,9.22185,87.18181867549525,7652.75027443274
100,1000,100,100,500000,5e-05,9.34365,87.75169400418389,7752.322438311897
100,1000,100,100,500000,5e-05,9.46705,88.34787850959749,7857.393719946787
100,1000,100,100,500000,5e-05,9.5921,88.95931512589216,7965.126273604637
100,1000,100,100,500000,5e-05,9.7188,89.54259894849048,8068.891470184866
100,1000,100,100,500000,5e-05,9.8472,90.14273923259998,8176.127577665553
100,1000,100,100,500000,5e-05,9.97725,90.73819247622988,8283.880731433883
100,1000,100,100,500000,5e-05,10.10905,91.31871016138739,8389.115570453294
100,1000,100,100,500000,5e-05,10.242550000000001,91.91911964897753,8498.790826509932
100,1000,100,100,500000,5e-05,10.37785,92.52499559770062,8610.0156953276
100,1000,100,100,500000,5e-05,10.51495,93.12820102982855,8721.370898131288
100,1000,100,100,500000,5e-05,10.65385,93.77573803064011,8841.846444609017
100,1000,100,100,500000,5e-05,10.794550000000001,94.40821643455821,8960.922791781875
100,1000,100,100,500000,5e-05,10.93715,95.02775521637605,9078.14295258103
100,1000,100,100,500000,5e-05,11.0816,95.67427064253131,9200.865043691105
100,1000,100,100,500000,5e-05,11.228,96.31187978967594,9322.635225803031
100,1000,100,100,500000,5e-05,11.3763,96.93952635115483,9443.391176103287
100,1000,100,100,500000,5e-05,11.52655,97.57320235973496,9566.165652634734
100,1000,100,100,500000,5e-05,11.6788,98.22020598202074,9692.621908422218
100,1000,100,100,500000,5e-05,11.8331,98.87440258875306,9820.925941479825
100,1000,100,100,500000,5e-05,11.9894,99.52071505056269,9948.197061050605
100,1000,100,100,500000,5e-05,12.14775,100.16243844199717,10076.634319261344
100,1000,100,100,500000,5e-05,12.308200000000001,100.81127650093939,10206.393799317175
100,1000,100,100,500000,5e-05,12.4708,101.45677540080345,10336.25701765683
100,1000,100,100,500000,5e-05,12.6355,102.11270426141446,10468.983068737854
100,1000,100,100,500000,5e-05,12.8024,102.73047820503035,10594.64307561334
100,1000,100,100,500000,5e-05,12.9715,103.33761871813562,10719.042890585228
100,1000,100,100,500000,5e-05,13.142850000000001,103.91422267097347,10837.516911519799
100,1000,100,100,500000,5e-05,13.316450000000001,104.48887541103406,10956.485963065625
100,1000,100,100,500000,5e-05,13.49235,105.01667956216116,11066.069627015004
100,1000,100,100,500000,5e-05,13.67055,105.53546014529593,11173.309102033109
100,1000,100,100,500000,5e-05,13.85115,106.02194444845529,11275.009056263567
100,1000,100,100,500000,5e-05,14.0341,106.46239371571447,11367.757409127673
100,1000,100,100,500000,5e-05,14.21945,106.85967755902331,11451.375887702758
100,1000,100,100,500000,5e-05,14.407300000000001,107.24626017626167,11533.313149488858
100,1000,100,100,500000,5e-05,14.5976,107.57735601531351,11603.482578436004
100,1000,100,100,500000,5e-05,14.7904,107.84851805109932,11661.486912568926
100,1000,100,100,500000,5e-05,14.985800000000001,108.10174192115295,11715.397608243178
100,1000,100,100,500000,5e-05,15.18375,108.33819266721001,11765.653013664183
100,1000,100,100,500000,5e-05,15.384300000000001,108.53771410255065,11808.053297952547
100,1000,100,100,500000,5e-05,15.5875,108.70021248219514,11842.602216777355
100,1000,100,100,500000,5e-05,15.7934,108.83932735927804,11872.125255632765
100,1000,100,100,500000,5e-05,16.002000000000002,108.9454245451165,11894.56505257982
100,1000,100,100,500000,5e-05,16.213350000000002,109.05037418063257,11916.521125239726
100,1000,100,100,500000,5e-05,16.42755,109.14551197594294,11936.226241407283
100,1000,100,100,500000,5e-05,16.6445,109.19828863681268,11947.170338426478
100,1000,100,100,500000,5e-05,16.8644,109.27457126789446,11963.055561695566
100,1000,100,100,500000,5e-05,17.08715,109.31929229530348,11972.06736178026
100,1000,100,100,500000,5e-05,17.31285,109.37166099534689,11982.939698787324
100,1000,100,100,500000,5e-05,17.5415,109.41393875477898,11991.394334338416
100,1000,100,100,500000,5e-05,17.7732,109.44647273695038,11997.495539880427
100,1000,100,100,500000,5e-05,18.008,109.45818440067424,11999.959921440757
100,1000,100,100,500000,5e-05,18.24585,109.4910394541279,12006.41383259384
100,1000,100,100,500000,5e-05,18.48685,109.52887507326,12013.904557323796
100,1000,100,100,500000,5e-05,18.73105,109.50465093196306,12008.353819243906
100,1000,100,100,500000,5e-05,18.978450000000002,109.53765472517397,12015.208058985898
100,1000,100,100,500000,5e-05,19.22915,109.54024846680876,12014.909066023565
100,1000,100,100,500000,5e-05,19.483150000000002,109.54215909849017,12014.5432078273
100,1000,100,100,500000,5e-05,19.7405,109.54733258574981,12014.881850947735
100,1000,100,100,500000,5e-05,20.001250000000002,109.57218025082831,12019.582052661905
100,1000,100,100,500000,5e-05,20.26545,109.58213412605137,12021.660126777675
100,1000,100,100,500000,5e-05,20.5331,109.56587734001555,12017.238029409125
100,1000,100,100,500000,5e-05,20.80435,109.54785835027681,12012.761481394302
100,1000,100,100,500000,5e-05,21.079150000000002,109.59902265758137,12023.45009441346
100,1000,100,100,500000,5e-05,21.35755,109.6038423611643,12024.063790973636
100,1000,100,100,500000,5e-05,21.6397,109.61979919646903,12027.048120116517
100,1000,100,100,500000,5e-05,21.9255,109.60490967423286,12023.41025116801
100,1000,100,100,500000,5e-05,22.21515,109.60115028579497,12022.083270998404
100,1000,100,100,500000,5e-05,22.50855,109.6110406164214,12023.991890882518
100,1000,100,100,500000,5e-05,22.8059,109.62051081790344,12025.401527872002
100,1000,100,100,500000,5e-05,23.107100000000003,109.62259158918911,12025.735518013196
100,1000,100,100,500000,5e-05,23.41235,109.61734933049586,12023.831977351736
100,1000,100,100,500000,5e-05,23.721600000000002,109.63771172890844,12028.396708057202
100,1000,100,100,500000,5e-05,24.0349,109.64744366592721,12030.250833385373
100,1000,100,100,500000,5e-05,24.352400000000003,109.64902694592992,12030.430560858264
100,1000,100,100,500000,5e-05,24.67405,109.63348177614112,12026.766853330755
